{
  "n_records": 891,
  "n_features_raw": 12,
  "n_features_engineered": 29,
  "class_distribution": {
    "died": 549,
    "survived": 342
  },
  "overall_survival_rate": 0.3838383838383838,
  "survival_by_gender": {
    "female": 0.7420382165605095,
    "male": 0.18890814558058924
  },
  "survival_by_class": {
    "1": 0.6296296296296297,
    "2": 0.47282608695652173,
    "3": 0.24236252545824846
  },
  "missing_values": {
    "Age": 177,
    "Cabin": 687,
    "Embarked": 2
  },
  "best_dt_depth": 4,
  "dt_depth_search": {
    "2": 0.792057902973396,
    "3": 0.8145735524256651,
    "4": 0.8201682316118936,
    "5": 0.8188771517996869,
    "6": 0.8076095461658841,
    "7": 0.8160406885758998,
    "8": 0.818838028169014,
    "9": 0.8132433489827855,
    "10": 0.8034037558685446
  },
  "results": {
    "Naive Bayes": {
      "cv_mean": 0.6571987480438185,
      "cv_std": 0.11687595175056192,
      "test_accuracy": 0.6256983240223464,
      "precision": 0.5083333333333333,
      "recall": 0.8840579710144928,
      "f1": 0.6455026455026455,
      "auc": 0.7781949934123847,
      "cm": [
        [
          51,
          59
        ],
        [
          8,
          61
        ]
      ]
    },
    "Decision Tree": {
      "cv_mean": 0.8201682316118936,
      "cv_std": 0.036308968896777045,
      "test_accuracy": 0.8156424581005587,
      "precision": 0.7903225806451613,
      "recall": 0.7101449275362319,
      "f1": 0.7480916030534351,
      "auc": 0.8374835309617918,
      "cm": [
        [
          97,
          13
        ],
        [
          20,
          49
        ]
      ]
    },
    "Logistic Regression": {
      "cv_mean": 0.8145931142410016,
      "cv_std": 0.03927063539981395,
      "test_accuracy": 0.8324022346368715,
      "precision": 0.8,
      "recall": 0.7536231884057971,
      "f1": 0.7761194029850746,
      "auc": 0.8644268774703557,
      "cm": [
        [
          97,
          13
        ],
        [
          17,
          52
        ]
      ]
    },
    "Random Forest": {
      "cv_mean": 0.8131455399061034,
      "cv_std": 0.033629576937176005,
      "test_accuracy": 0.8100558659217877,
      "precision": 0.7777777777777778,
      "recall": 0.7101449275362319,
      "f1": 0.7424242424242424,
      "auc": 0.8285902503293808,
      "cm": [
        [
          96,
          14
        ],
        [
          20,
          49
        ]
      ]
    }
  },
  "mcnemar": {
    "statistic": 12.0,
    "pvalue": 8.219663963332515e-06,
    "b_nb_right_dt_wrong": 12,
    "c_nb_wrong_dt_right": 46
  },
  "best_model": "Logistic Regression",
  "dt_top_features": {
    "Title_Mr": 0.5516438813590632,
    "Pclass": 0.1361874157865115,
    "Deck_U": 0.0797980054258109,
    "FamilySize": 0.07222847630210796,
    "Fare": 0.055041523600410314,
    "Title_Rare": 0.05385455192466375,
    "Age": 0.04256592841060239,
    "FareBin_Q2": 0.008680217190830179,
    "Deck_G": 0.0,
    "Deck_T": 0.0,
    "AgeBin_Middle": 0.0,
    "AgeBin_Teen": 0.0
  },
  "rf_top_features": {
    "Fare": 0.17167209802766453,
    "Age": 0.16653626483410497,
    "Title_Mr": 0.11631848337109986,
    "Sex": 0.10687669077364217,
    "Pclass": 0.05950753675185755,
    "FamilySize": 0.04201717328080628,
    "Title_Miss": 0.04083391825892088,
    "Deck_U": 0.039626473089004695,
    "Title_Mrs": 0.034169466920516714,
    "SibSp": 0.029424270361910955,
    "Embarked_S": 0.02217193483725891,
    "Parch": 0.021460316837348507
  },
  "numeric_stats": {
    "Age": {
      "mean": 29.69911764705882,
      "median": 28.0,
      "std": 14.526497332334042,
      "skew": 0.38910778230082693,
      "kurtosis": 0.1782741536421022,
      "min": 0.42,
      "max": 80.0
    },
    "Fare": {
      "mean": 32.204207968574636,
      "median": 14.4542,
      "std": 49.6934285971809,
      "skew": 4.787316519674893,
      "kurtosis": 33.39814088089868,
      "min": 0.0,
      "max": 512.3292
    },
    "SibSp": {
      "mean": 0.5230078563411896,
      "median": 0.0,
      "std": 1.1027434322934317,
      "skew": 3.6953517271630565,
      "kurtosis": 17.880419726645968,
      "min": 0.0,
      "max": 8.0
    },
    "Parch": {
      "mean": 0.38159371492704824,
      "median": 0.0,
      "std": 0.8060572211299483,
      "skew": 2.7491170471010933,
      "kurtosis": 9.778125179021648,
      "min": 0.0,
      "max": 6.0
    }
  },
  "cardinality": {
    "PassengerId": 891,
    "Survived": 2,
    "Pclass": 3,
    "Name": 891,
    "Sex": 2,
    "Age": 88,
    "SibSp": 7,
    "Parch": 7,
    "Ticket": 681,
    "Fare": 248,
    "Cabin": 147,
    "Embarked": 3
  },
  "age_missing_by_class": {
    "1": 0.1389,
    "2": 0.0598,
    "3": 0.277
  },
  "age_imputation": {
    "before_mean": 29.69911764705882,
    "before_std": 14.526497332334042,
    "after_mean": 29.11242424242424,
    "after_std": 13.304424074688162
  },
  "chi2_tests": {
    "sex_vs_survived": {
      "chi2": 260.71702016732104,
      "p": 1.197357062775565e-58,
      "dof": 1
    },
    "pclass_vs_survived": {
      "chi2": 102.88898875696056,
      "p": 4.549251711298793e-23,
      "dof": 2
    },
    "embarked_vs_survived": {
      "chi2": 25.964452881874784,
      "p": 2.3008626481449577e-06,
      "dof": 2
    }
  },
  "child_vs_adult_survival": {
    "child_rate": 0.5797101449275363,
    "adult_rate": 0.3875968992248062,
    "mann_whitney_u": 26527.5,
    "p": 0.0010148816324283144,
    "n_children": 69,
    "n_adults": 645
  },
  "solo_vs_family_survival": {
    "solo": 0.30353817504655495,
    "family": 0.5056497175141242
  },
  "title_counts": {
    "Mr": 517,
    "Miss": 185,
    "Mrs": 126,
    "Master": 40,
    "Rare": 23
  },
  "deck_counts": {
    "U": 687,
    "C": 59,
    "B": 47,
    "D": 33,
    "E": 32,
    "A": 15,
    "F": 13,
    "G": 4,
    "T": 1
  },
  "multicollinear_pairs": [
    [
      "SibSp",
      "FamilySize",
      0.8907116718698851
    ],
    [
      "Sex",
      "Title_Mr",
      0.8673340331196778
    ],
    [
      "Parch",
      "FamilySize",
      0.7831107750000582
    ],
    [
      "Pclass",
      "Deck_U",
      0.725541241828957
    ]
  ]
}